frame,class
1,Manhole covers
2,Manhole covers
3,Manhole covers
4,Manhole covers
5,Manhole covers
6,Manhole covers
7,Manhole covers
8,Manhole covers
9,Manhole covers
10,Manhole covers
16,Manhole covers
17,Manhole covers
119,Crack
131,Manhole covers
350,Manhole covers
381,Manhole covers
382,Manhole covers
383,Manhole covers
384,Manhole covers
423,Manhole covers
424,Manhole covers
425,Manhole covers
426,Manhole covers
428,Manhole covers
429,Manhole covers
430,Manhole covers
431,Manhole covers
432,Manhole covers
433,Manhole covers
434,Manhole covers
437,Manhole covers
438,Manhole covers
439,Manhole covers
440,Manhole covers
441,Manhole covers
442,Manhole covers
443,Manhole covers
444,Manhole covers
445,Manhole covers
446,Manhole covers
447,Manhole covers
448,Manhole covers
449,Manhole covers
450,Manhole covers
451,Manhole covers
455,Manhole covers
457,Manhole covers
460,Manhole covers
461,Manhole covers
462,Manhole covers
463,Manhole covers
465,Manhole covers
469,Manhole covers
471,Manhole covers
472,Manhole covers
473,Manhole covers
474,Manhole covers
475,Manhole covers
476,Manhole covers
477,Manhole covers
478,Manhole covers
479,Manhole covers
480,Manhole covers
481,Manhole covers
482,Manhole covers
483,Manhole covers
484,Manhole covers
485,Manhole covers
486,Manhole covers
487,Manhole covers
488,Manhole covers
489,Manhole covers
490,Manhole covers
491,Manhole covers
494,Manhole covers
495,Manhole covers
496,Manhole covers
497,Manhole covers
498,Manhole covers
499,Manhole covers
500,Manhole covers
502,Manhole covers
503,Manhole covers
519,Manhole covers
526,Manhole covers
527,Manhole covers
528,Manhole covers
529,Manhole covers
530,Manhole covers
531,Manhole covers
532,Manhole covers
533,Manhole covers
534,Manhole covers
535,Manhole covers
536,Manhole covers
537,Manhole covers
538,Manhole covers
546,Manhole covers
549,Manhole covers
550,Manhole covers
551,Manhole covers
552,Manhole covers
553,Manhole covers
554,Manhole covers
555,Manhole covers
556,Manhole covers
557,Manhole covers
558,Manhole covers
559,Manhole covers
560,Manhole covers
561,Manhole covers
565,Manhole covers
566,Manhole covers
567,Manhole covers
568,Manhole covers
569,Manhole covers
570,Manhole covers
571,Manhole covers
572,Manhole covers
574,Manhole covers
582,Manhole covers
583,Manhole covers
584,Manhole covers
585,Manhole covers
586,Manhole covers
587,Manhole covers
588,Manhole covers
589,Manhole covers
590,Manhole covers
591,Manhole covers
592,Manhole covers
593,Manhole covers
594,Manhole covers
595,Manhole covers
596,Manhole covers
599,Manhole covers
604,Manhole covers
605,Manhole covers
606,Manhole covers
607,Manhole covers
608,Manhole covers
609,Manhole covers
610,Manhole covers
697,Manhole covers
699,Manhole covers
700,Manhole covers
721,Manhole covers
723,Manhole covers
724,Manhole covers
1102,Manhole covers
1103,Manhole covers
1106,Manhole covers
1107,Manhole covers
1108,Manhole covers
1109,Manhole covers
1110,Manhole covers
1111,Manhole covers
1112,Manhole covers
1113,Manhole covers
1114,Manhole covers
1115,Manhole covers
1116,Manhole covers
1117,Manhole covers
1118,Manhole covers
1119,Manhole covers
1120,Manhole covers
1121,Manhole covers
1123,Manhole covers
1125,Manhole covers
1126,Manhole covers
1141,Manhole covers
1142,Manhole covers
1143,Manhole covers
1145,Manhole covers
1159,Manhole covers
1172,Manhole covers
1182,Manhole covers
1183,Manhole covers
1184,Manhole covers
1185,Manhole covers
1186,Manhole covers
1187,Manhole covers
1188,Manhole covers
1189,Manhole covers
1190,Manhole covers
1191,Manhole covers
1192,Manhole covers
1193,Manhole covers
1194,Manhole covers
1195,Manhole covers
1196,Manhole covers
1197,Manhole covers
1198,Manhole covers
1199,Manhole covers
1208,Manhole covers
1209,Manhole covers
1210,Manhole covers
1211,Manhole covers
1212,Manhole covers
1213,Manhole covers
1214,Manhole covers
1215,Manhole covers
1216,Manhole covers
1217,Manhole covers
1218,Manhole covers
1219,Manhole covers
1220,Manhole covers
1221,Manhole covers
1222,Manhole covers
1223,Manhole covers
1225,Manhole covers
1226,Manhole covers
1227,Manhole covers
1228,Manhole covers
1230,Manhole covers
1231,Manhole covers
1232,Manhole covers
1233,Manhole covers
1234,Manhole covers
1235,Manhole covers
1236,Manhole covers
1237,Manhole covers
1238,Manhole covers
1239,Manhole covers
1240,Manhole covers
1241,Manhole covers
1242,Manhole covers
1243,Manhole covers
1244,Manhole covers
1245,Manhole covers
1249,Manhole covers
1256,Manhole covers
1258,Manhole covers
1259,Manhole covers
1260,Manhole covers
1261,Manhole covers
1262,Manhole covers
1263,Manhole covers
1264,Manhole covers
1265,Manhole covers
1266,Manhole covers
1267,Manhole covers
1268,Manhole covers
1269,Manhole covers
1270,Manhole covers
1271,Manhole covers
1272,Manhole covers
1273,Manhole covers
1274,Manhole covers
1275,Manhole covers
1276,Manhole covers
1277,Manhole covers
1278,Manhole covers
1279,Manhole covers
1280,Manhole covers
1281,Manhole covers
1282,Manhole covers
1283,Manhole covers
1284,Manhole covers
1285,Manhole covers
1286,Manhole covers
1287,Manhole covers
1288,Manhole covers
1289,Manhole covers
1292,Manhole covers
1293,Manhole covers
1294,Manhole covers
1295,Manhole covers
1296,Manhole covers
1297,Manhole covers
1298,Manhole covers
1299,Manhole covers
1300,Manhole covers
1301,Manhole covers
1302,Manhole covers
1303,Manhole covers
1304,Manhole covers
1305,Manhole covers
1340,Manhole covers
1341,Manhole covers
1342,Manhole covers
1343,Manhole covers
1344,Manhole covers
1345,Manhole covers
1346,Manhole covers
1347,Manhole covers
1348,Manhole covers
1349,Manhole covers
1350,Manhole covers
1351,Manhole covers
1352,Manhole covers
1353,Manhole covers
1354,Manhole covers
1355,Manhole covers
1361,Manhole covers
1362,Manhole covers
1363,Manhole covers
1364,Manhole covers
1365,Manhole covers
1366,Manhole covers
1367,Manhole covers
1368,Manhole covers
1369,Manhole covers
1370,Manhole covers
1371,Manhole covers
1372,Manhole covers
1373,Manhole covers
1374,Manhole covers
1375,Manhole covers
1376,Manhole covers
1377,Manhole covers
1378,Manhole covers
1379,Manhole covers
1380,Manhole covers
1381,Manhole covers
1382,Manhole covers
1383,Manhole covers
1384,Manhole covers
1385,Manhole covers
1386,Manhole covers
1387,Manhole covers
1388,Manhole covers
1389,Manhole covers
1390,Manhole covers
1391,Manhole covers
1392,Manhole covers
1393,Manhole covers
1394,Manhole covers
1395,Manhole covers
1396,Manhole covers
1397,Manhole covers
1398,Manhole covers
1399,Manhole covers
1400,Manhole covers
1401,Manhole covers
1402,Manhole covers
1403,Manhole covers
1404,Manhole covers
1406,Manhole covers
1430,Manhole covers
1431,Manhole covers
1433,Manhole covers
1437,Manhole covers
1439,Manhole covers
1442,Manhole covers
1443,Manhole covers
1445,Manhole covers
1446,Manhole covers
1447,Manhole covers
1448,Manhole covers
1449,Manhole covers
1450,Manhole covers
1451,Manhole covers
1452,Manhole covers
1453,Manhole covers
1454,Manhole covers
1455,Manhole covers
1456,Manhole covers
1457,Manhole covers
1458,Manhole covers
1459,Manhole covers
1460,Manhole covers
1461,Manhole covers
1462,Manhole covers
1463,Manhole covers
1464,Manhole covers
1465,Manhole covers
1466,Manhole covers
1467,Manhole covers
1476,Manhole covers
1481,Manhole covers
1482,Manhole covers
1483,Manhole covers
1484,Manhole covers
1485,Manhole covers
1486,Manhole covers
1487,Manhole covers
1488,Manhole covers
1489,Manhole covers
1490,Manhole covers
1491,Manhole covers
1492,Manhole covers
1493,Manhole covers
1505,Manhole covers
1518,Manhole covers
1519,Manhole covers
1520,Manhole covers
1544,Manhole covers
1545,Manhole covers
1546,Manhole covers
1547,Manhole covers
1549,Manhole covers
1550,Manhole covers
1551,Manhole covers
1552,Manhole covers
1553,Manhole covers
1560,Manhole covers
1562,Manhole covers
1563,Manhole covers
1565,Manhole covers
1566,Manhole covers
1567,Manhole covers
1568,Manhole covers
1569,Manhole covers
1571,Manhole covers
1572,Manhole covers
1573,Manhole covers
1574,Manhole covers
1575,Manhole covers
1576,Manhole covers
1579,Manhole covers
1584,Manhole covers
1590,Manhole covers
1594,Manhole covers
1595,Manhole covers
1596,Manhole covers
1597,Manhole covers
1598,Manhole covers
1599,Manhole covers
1600,Manhole covers
1601,Manhole covers
1602,Manhole covers
1603,Manhole covers
1604,Manhole covers
1605,Manhole covers
1606,Manhole covers
1607,Manhole covers
1608,Manhole covers
1609,Manhole covers
1610,Manhole covers
1634,Manhole covers
1640,Manhole covers
1641,Manhole covers
1642,Manhole covers
1643,Manhole covers
1644,Manhole covers
1645,Manhole covers
1647,Manhole covers
1668,Manhole covers
1703,Manhole covers
1718,Manhole covers
1722,Manhole covers
1723,Manhole covers
1724,Manhole covers
1732,Manhole covers
1735,Manhole covers
1736,Manhole covers
1737,Manhole covers
1738,Manhole covers
1739,Manhole covers
1740,Manhole covers
1741,Manhole covers
1743,Manhole covers
1744,Manhole covers
1745,Manhole covers
1747,Manhole covers
1749,Manhole covers
1750,Manhole covers
1751,Manhole covers
1752,Manhole covers
1753,Manhole covers
1754,Manhole covers
1755,Manhole covers
1756,Manhole covers
1757,Manhole covers
1758,Manhole covers
1759,Manhole covers
1760,Manhole covers
1761,Manhole covers
1762,Manhole covers
1763,Manhole covers
1764,Manhole covers
1765,Manhole covers
1806,Manhole covers
1807,Manhole covers
1808,Manhole covers
1809,Manhole covers
1814,Manhole covers
1815,Manhole covers
1816,Manhole covers
1817,Manhole covers
1818,Manhole covers
1819,Manhole covers
